track_id,track_name,track_artist,track_popularity,track_album_id,track_album_name,track_album_release_date,playlist_name,playlist_id,playlist_genre,playlist_subgenre,danceability,energy,key,loudness,mode,speechiness,acousticness,instrumentalness,liveness,valence,tempo,duration_ms,0,release_year
5Cbo7oz78gqkzV3EAM63VA,+,Aitana,81.0,6zardvJflEyoRedCUCBUw9,+,2019-12-17,Todo Ã‰xitos,2ji5tRQVfnhaX1w9FhmSzk,pop,dance pop,0.561,0.666,8.0,-4.243,1.0,0.0322,0.106,0.0,0.123,0.675,160.019,219367.0,,2019.0
6Pgkp4qUoTmJIPn7ReaGxL,Without You (feat. Sandro Cavazza),Avicii,81.0,1m3mf7xkXIwssVriaaTjOS,AVÄªCI (01),2017-08-10,Dance Pop Hits,37i9dQZF1DX6pH08wMhkaI,pop,dance pop,0.662,0.858,2.0,-4.844,1.0,0.0428,0.00163,0.0,0.0456,0.295,133.993,181673.0,,2017.0
3jbT1Y5MoPwEIpZndDDwVq,Adicto (with Anuel AA & Ozuna),Tainy,90.0,7nqA49hzXJWPH4cnM8nk6x,Adicto (with Anuel AA & Ozuna),2019-08-22,Todo Ã‰xitos,2ji5tRQVfnhaX1w9FhmSzk,pop,dance pop,0.734,0.836,10.0,-4.803,0.0,0.0735,0.017,1.64e-05,0.179,0.623,80.002,270741.0,,2019.0
1M4qEo4HE3PRaCOM7EXNJq,Adore You,Harry Styles,91.0,5SL9nXZYZZl68bHwaM8uLa,Adore You,2019-12-06,TUNES DANCE AND POP,3arpkhoRWXEYbdCpVAIrRR,pop,dance pop,0.676,0.771,8.0,-3.675,1.0,0.0483,0.0237,7e-06,0.102,0.569,99.048,207133.0,,2019.0
6RyuoOJXNzlVWpfC5xQyeI,Alocao (With Bad Gyal),Omar Montes,82.0,6pEhppkTzrKKGkQw4fNqOD,Alocao (With Bad Gyal),2019-10-24,Todo Ã‰xitos,2ji5tRQVfnhaX1w9FhmSzk,pop,dance pop,0.673,0.752,11.0,-4.705,0.0,0.0567,0.214,1.53e-06,0.106,0.699,178.005,209320.0,,2019.0
0bMbDctzMmTyK2j74j3nF3,"Alone, Pt. II",Alan Walker,85.0,700MviIgFKNTldTXmOAFOr,"Alone, Pt. II",2019-12-27,Dance Pop Tunes,4SdfG4cPG3skmTiQLozZGh,pop,dance pop,0.67,0.668,3.0,-4.306,0.0,0.0422,0.536,0.0,0.133,0.608,88.033,179053.0,,2019.0
6Gg1gjgKi2AK4e0qzsR7sd,Bandit (with YoungBoy Never Broke Again),Juice WRLD,92.0,3t6Z2qoBVCS4NHNI25XECH,Bandit (with YoungBoy Never Broke Again),2019-10-04,Todo Ã‰xitos,2ji5tRQVfnhaX1w9FhmSzk,pop,dance pop,0.474,0.631,5.0,-5.884,0.0,0.343,0.0687,0.0,0.132,0.425,180.051,189323.0,,2019.0
7ce20yLkzuXXLUhzIDoZih,Before You Go,Lewis Capaldi,90.0,0488X5veBK6t3vSmIiTDJY,Before You Go,2019-11-19,Todo Ã‰xitos,2ji5tRQVfnhaX1w9FhmSzk,pop,dance pop,0.459,0.575,3.0,-4.858,1.0,0.0573,0.604,0.0,0.0885,0.183,111.881,215107.0,,2019.0
2rc7BkzO8qepMFAxHtOrXc,Blanco,J Balvin,88.0,5mcUbpuVL0i5q4cECQ6cV4,Blanco,2019-11-15,Todo Ã‰xitos,2ji5tRQVfnhaX1w9FhmSzk,pop,dance pop,0.87,0.706,9.0,-5.395,0.0,0.126,0.0253,0.0063,0.0872,0.593,100.013,145800.0,,2019.0
0sf12qNH5qcw8qpgymFOqD,Blinding Lights,The Weeknd,98.0,2ZfHkwHuoAZrlz7RMj0PDz,Blinding Lights,2019-11-29,Todo Ã‰xitos,2ji5tRQVfnhaX1w9FhmSzk,pop,dance pop,0.513,0.796,1.0,-4.075,1.0,0.0629,0.00147,0.000209,0.0938,0.345,171.017,201573.0,,2019.0
2ksOAxtIxY8yElEWw8RhgK,China,Anuel AA,93.0,1PTTAq0OxggVgqP5WTYWDh,China,2019-07-19,Todo Ã‰xitos,2ji5tRQVfnhaX1w9FhmSzk,pop,dance pop,0.786,0.808,7.0,-3.702,1.0,0.0882,0.0846,0.000289,0.0822,0.609,105.027,301714.0,,2019.0
7BKLCZ1jbUBVqRi2FVlTVw,Closer (feat. Halsey),The Chainsmokers,85.0,0rSLgV8p5FzfnqlEk4GzxE,Closer (feat. Halsey),2016-07-29,Dance Pop,37i9dQZF1DWZQaaqNMbbXa,pop,dance pop,0.748,0.524,8.0,-5.599,1.0,0.0338,0.414,0.0,0.111,0.661,95.01,244960.0,,2016.0
5w9c2J52mkdntKOmRLeM2m,Con Calma,Daddy Yankee,87.0,1otwHKoQ5KPaiekpYk4tWh,Con Calma,2019-01-24,Todo Ã‰xitos,2ji5tRQVfnhaX1w9FhmSzk,pop,dance pop,0.737,0.86,8.0,-2.652,0.0,0.0593,0.11,1.94e-06,0.0574,0.656,93.989,193227.0,,2019.0
6Qs4SXO9dwPj5GKvVOv8Ki,Dancing With A Stranger (with Normani),Sam Smith,87.0,1V9oE8bVilClrk5naqyyvL,Dancing With A Stranger (with Normani),2019-01-11,Dance Pop Tunes,4SdfG4cPG3skmTiQLozZGh,pop,dance pop,0.741,0.52,8.0,-7.513,1.0,0.0656,0.45,1.97e-06,0.222,0.347,102.998,171030.0,,2019.0
7qEHsqek33rTcFNT9PFqLf,Someone You Loved,Lewis Capaldi,94.0,5658aM19fA3JVwTK6eQX70,Divinely Uninspired To A Hellish Extent,2019-05-17,Todo Ã‰xitos,2ji5tRQVfnhaX1w9FhmSzk,pop,dance pop,0.501,0.405,1.0,-5.679,1.0,0.0319,0.751,0.0,0.105,0.446,109.891,182161.0,,2019.0
1i1fxkWeaMmKEB4T7zqbzK,Don't Let Me Down,The Chainsmokers,81.0,2SByipSK8eZ2pasaIwwzhf,Don't Let Me Down,2016-02-05,Pop InglÃ©s (2020 - 2010s)ðŸ’™ MÃºsica En InglÃ©s 2010s,4QAzO1Z92yqqD6Mf3mOANu,pop,dance pop,0.532,0.869,11.0,-5.094,1.0,0.172,0.157,0.00508,0.136,0.422,159.803,208373.0,,2016.0
2ekn2ttSfGqwhhate0LSR0,New Rules,Dua Lipa,83.0,01sfgrNbnnPUEyz6GZYlt9,Dua Lipa (Deluxe),2017-06-02,Pop InglÃ©s (2020 - 2010s)ðŸ’™ MÃºsica En InglÃ©s 2010s,4QAzO1Z92yqqD6Mf3mOANu,pop,dance pop,0.762,0.7,9.0,-6.021,0.0,0.0694,0.00261,1.56e-05,0.153,0.608,116.073,209320.0,,2017.0
1j4kHkkpqZRBwE0A4CN4Yv,Dusk Till Dawn - Radio Edit,ZAYN,81.0,5l5gR4rh26QI3fijGFTDrp,Dusk Till Dawn (Radio Edit),2017-09-07,Pop InglÃ©s (2020 - 2010s)ðŸ’™ MÃºsica En InglÃ©s 2010s,4QAzO1Z92yqqD6Mf3mOANu,pop,dance pop,0.258,0.437,11.0,-6.593,0.0,0.039,0.101,1.27e-06,0.106,0.0967,180.043,239000.0,,2017.0
0Cn8NxJZz7zUlsaA3rXoIU,Easy - Remix,Jhay Cortez,81.0,3Y00aLNDKDq9rXR3cIcbDo,Easy (Remix),2019-11-19,Todo Ã‰xitos,2ji5tRQVfnhaX1w9FhmSzk,pop,dance pop,0.886,0.752,1.0,-3.819,0.0,0.0949,0.191,2.76e-06,0.146,0.435,94.066,220147.0,,2019.0
5N4erncE7kuUccm7zEmwzk,Electricity (with Dua Lipa),Silk City,81.0,429B3se6xtZuvblNnS2iy7,Electricity (with Dua Lipa),2018-09-06,Dance Pop,37i9dQZF1DWZQaaqNMbbXa,pop,dance pop,0.588,0.67,0.0,-6.439,1.0,0.0473,0.0104,3.33e-06,0.338,0.505,118.159,238173.0,,2018.0
0lYBSQXN6rCTvUZvg9S0lU,Let Me Love You,DJ Snake,81.0,02sEJTj1sye1JaqxqpcSCp,Encore,2016-08-05,Dance Pop,37i9dQZF1DWZQaaqNMbbXa,pop,dance pop,0.649,0.716,8.0,-5.371,1.0,0.0349,0.0863,2.63e-05,0.135,0.163,99.988,205947.0,,2016.0
5itOtNx0WxtJmi1TQ3RuRd,Giant (with Rag'n'Bone Man),Calvin Harris,83.0,4PwXTHenZZx7ebgsnTM65K,Giant (with Rag'n'Bone Man),2019-01-11,Dance Pop Hits,37i9dQZF1DX6pH08wMhkaI,pop,dance pop,0.807,0.887,1.0,-4.311,0.0,0.0361,0.016,0.000503,0.0811,0.606,122.015,229184.0,,2019.0
5aUSEPNd3m5xliFK4pn5mU,Good Thing (with Kehlani),Zedd,82.0,3wpdeV1FZfiEnelZSfAFp4,Good Thing (with Kehlani),2019-09-27,ELETRIC POP & DANCE,7316uT3vVzTidCI8cinBUv,pop,dance pop,0.693,0.564,1.0,-3.857,0.0,0.0378,0.399,0.0,0.0409,0.574,185.913,210901.0,,2019.0
14sOS5L36385FJ3OL8hew4,Happy Now,Kygo,81.0,6nAjd2MlBY1f1mNu6BsWLO,Happy Now,2018-10-26,Cardio,37i9dQZF1DWSJHnPb1f0X3,pop,dance pop,0.693,0.575,9.0,-6.998,1.0,0.0801,0.374,0.0,0.252,0.492,117.999,211362.0,,2018.0
57vxBYXtHMk6H1aD29V7PU,Heartless,The Weeknd,93.0,7vRcickwa6GCfY1qKKe4lK,Heartless,2019-11-27,Todo Ã‰xitos,2ji5tRQVfnhaX1w9FhmSzk,pop,dance pop,0.531,0.75,10.0,-5.831,0.0,0.111,0.00632,7.6e-05,0.117,0.198,169.954,200080.0,,2019.0
5icOoE6VgqFKohjWWNp0Ac,Here With Me,Marshmello,83.0,6NHS3hV16MZyfcp0nSHdrd,Here With Me,2019-03-08,Dance Pop,37i9dQZF1DWZQaaqNMbbXa,pop,dance pop,0.791,0.565,5.0,-3.933,0.0,0.0439,0.0623,0.0,0.156,0.181,99.961,156347.0,,2019.0
6oJ6le65B3SEqPwMRNXWjY,Higher Love,Kygo,87.0,4wquJImu8RtyEuDtIAsfcE,Higher Love,2019-06-28,Pop Remix,37i9dQZF1DXcZDD7cfEKhW,pop,dance pop,0.693,0.678,8.0,-7.159,1.0,0.0324,0.0154,6.05e-06,0.101,0.404,103.952,228267.0,,2019.0
0E9ZjEAyAwOXZ7wJC0PD33,In My Mind,Dynoro,84.0,1c79SozES9Eb3Lzf9KVaIa,In My Mind,2018-06-08,Dance Pop,37i9dQZF1DWZQaaqNMbbXa,pop,dance pop,0.694,0.77,6.0,-5.335,1.0,0.149,0.176,1.1e-05,0.118,0.163,125.905,184560.0,,2018.0
59s0s39NFWScuHDbHytI14,Indeciso,Reik,88.0,4qecT0ZJrf35thz2WaEm6P,Indeciso,2019-08-23,Todo Ã‰xitos,2ji5tRQVfnhaX1w9FhmSzk,pop,dance pop,0.738,0.748,0.0,-4.902,1.0,0.0453,0.182,0.0,0.11,0.896,94.949,217253.0,,2019.0
0U6bQIAh6MCGo1xjbIIx2S,Instagram,Dimitri Vegas & Like Mike,81.0,7FTzcNdsKhMe53orWXsai8,Instagram,2019-07-05,Dance Room,37i9dQZF1DX2ENAPP1Tyed,pop,dance pop,0.765,0.906,8.0,-2.097,0.0,0.0965,0.125,0.0,0.423,0.95,96.071,184558.0,,2019.0
5WHTFyqSii0lmT9R21abT8,Don't Call Me Up,Mabel,85.0,0syM7OUAhV7S6XmOa4nLUZ,Ivy To Roses (Mixtape),2019-01-18,Dance Pop,37i9dQZF1DWZQaaqNMbbXa,pop,dance pop,0.674,0.881,9.0,-2.853,1.0,0.147,0.296,3.01e-06,0.0793,0.234,98.994,178480.0,,2019.0
7LzouaWGFCy4tkXDOOnEyM,Liar,Camila Cabello,87.0,3xgS4rfthlsvhW7J2WLiiR,Liar,2019-09-04,Pop InglÃ©s (2020 - 2010s)ðŸ’™ MÃºsica En InglÃ©s 2010s,4QAzO1Z92yqqD6Mf3mOANu,pop,dance pop,0.74,0.498,11.0,-6.684,0.0,0.0456,0.0169,0.00282,0.319,0.652,98.016,207039.0,,2019.0
7CHi4DtfK4heMlQaudCuHK,Lose Control,MEDUZA,91.0,1qSOaTvsCOyFJya3v1UzkP,Lose Control,2019-10-11,Dance Room,37i9dQZF1DX2ENAPP1Tyed,pop,dance pop,0.598,0.526,10.0,-8.659,0.0,0.0415,0.129,0.0,0.14,0.529,123.935,168387.0,,2019.0
1HfMVBKM75vxSfsQ5VefZ5,Lose You To Love Me,Selena Gomez,93.0,3tBkjgxDqAwss76O1YHsSY,Lose You To Love Me,2019-10-23,Todo Ã‰xitos,2ji5tRQVfnhaX1w9FhmSzk,pop,dance pop,0.505,0.34,4.0,-9.005,1.0,0.0438,0.576,0.0,0.21,0.0916,101.993,206459.0,,2019.0
3i9UVldZOE0aD0JnyfAZZ0,Lover (Remix) [feat. Shawn Mendes],Taylor Swift,85.0,2UfvnX1YYeC2cExMQTMbXC,Lover (Remix) [feat. Shawn Mendes],2019-11-13,Todo Ã‰xitos,2ji5tRQVfnhaX1w9FhmSzk,pop,dance pop,0.448,0.603,7.0,-7.176,1.0,0.064,0.433,0.0,0.0862,0.422,205.272,221307.0,,2019.0
5KawlOMHjWeUjQtnuRs22c,Boy With Luv (feat. Halsey),BTS,85.0,1AvXa8xFEXtR3hb4bgihIK,MAP OF THE SOUL : PERSONA,2019-04-12,K-Party Dance Mix,37i9dQZF1DX4RDXswvP6Mj,pop,dance pop,0.645,0.862,11.0,-4.757,0.0,0.0965,0.0923,0.0,0.192,0.798,119.991,229773.0,,2019.0
0qc4QlcCxVTGyShurEv1UU,Post Malone (feat. RANI),Sam Feldt,83.0,41S9bfzXTSGK4HU2mp5qXH,Magnets EP,2019-05-24,Dance Pop,37i9dQZF1DWZQaaqNMbbXa,pop,dance pop,0.59,0.642,7.0,-3.87,1.0,0.122,0.0771,0.0,0.105,0.651,107.356,174444.0,,2019.0
2b8fOow8UzyDFAE27YhOZM,Memories,Maroon 5,98.0,3nR9B40hYLKLcR0Eph3Goc,Memories,2019-09-20,Todo Ã‰xitos,2ji5tRQVfnhaX1w9FhmSzk,pop,dance pop,0.764,0.32,11.0,-7.209,1.0,0.0546,0.837,0.0,0.0822,0.575,91.019,189486.0,,2019.0
6RUKPb4LETWmmr3iAEQktW,Something Just Like This,The Chainsmokers,83.0,4JPguzRps3kuWDD5GS6oXr,Memories...Do Not Open,2017-04-07,Dance Pop,37i9dQZF1DWZQaaqNMbbXa,pop,dance pop,0.617,0.635,11.0,-6.769,0.0,0.0317,0.0498,1.44e-05,0.164,0.446,103.019,247160.0,,2017.0
3mQ6SLdxxaL52Yte7KF2Ks,Morado,J Balvin,82.0,7ynTaSXD9esXkgY0GG8UFd,Morado,2020-01-09,Todo Ã‰xitos,2ji5tRQVfnhaX1w9FhmSzk,pop,dance pop,0.881,0.696,11.0,-3.838,0.0,0.0797,0.137,4.13e-05,0.0927,0.781,97.002,200667.0,,2020.0
0rIAC4PXANcKmitJfoqmVm,Motivation,Normani,83.0,2r6BEK0wzXbL8JHyCkeJkG,Motivation,2019-08-16,Pop / Dance,6mXh8CUBMBsBUu88a4eAQV,pop,dance pop,0.599,0.887,4.0,-3.967,1.0,0.0984,0.0192,1.21e-06,0.3,0.881,170.918,193837.0,,2019.0
5PYQUBXc7NYeI1obMKSJK0,Never Really Over,Katy Perry,85.0,3KjXg0MDej2pG9fv6I22lT,Never Really Over,2019-05-31,Dance Pop,37i9dQZF1DWZQaaqNMbbXa,pop,dance pop,0.77,0.882,8.0,-4.792,1.0,0.0602,0.194,0.0,0.316,0.385,99.991,223523.0,,2019.0
3cphb8kdsjElYR7r5icK3H,Nice To Meet Ya,Niall Horan,87.0,3KrYBAbfxlssMirZLs6HzZ,Nice To Meet Ya,2019-10-04,Todo Ã‰xitos,2ji5tRQVfnhaX1w9FhmSzk,pop,dance pop,0.591,0.841,4.0,-4.351,0.0,0.0304,0.0119,0.0,0.395,0.392,109.034,158805.0,,2019.0
0fea68AdmYNygeTGI4RC18,LA CANCIÃ“N,J Balvin,91.0,6ylFfzx32ICw4L1A7YWNLN,OASIS,2019-06-28,Todo Ã‰xitos,2ji5tRQVfnhaX1w9FhmSzk,pop,dance pop,0.754,0.646,7.0,-5.795,1.0,0.317,0.152,1.85e-05,0.108,0.429,176.089,242573.0,,2019.0
4n7jnSxVLd8QioibtTDBDq,On My Way,Alan Walker,83.0,1bcvtuHyO79DNAOOhHEkEm,On My Way,2019-03-21,Dance Pop Tunes,4SdfG4cPG3skmTiQLozZGh,pop,dance pop,0.509,0.689,1.0,-4.929,0.0,0.102,0.0209,0.0,0.301,0.297,170.087,193798.0,,2019.0
7ef4DlsgrMEH11cDZd32M6,One Kiss (with Dua Lipa),Calvin Harris,85.0,7GEzhoTiqcPYkOprWQu581,One Kiss (with Dua Lipa),2018-04-06,Dance Pop,37i9dQZF1DWZQaaqNMbbXa,pop,dance pop,0.791,0.862,9.0,-3.24,0.0,0.11,0.037,2.19e-05,0.0814,0.592,123.994,214847.0,,2018.0
4hPpVbbakQNv8YTHYaOJP4,One Thing Right,Marshmello,85.0,4QAC6FquY8D0RXom13iE5J,One Thing Right,2019-06-21,Pop / Dance,6mXh8CUBMBsBUu88a4eAQV,pop,dance pop,0.659,0.623,4.0,-2.253,1.0,0.0451,0.0667,0.0,0.582,0.439,88.042,181824.0,,2019.0
5N5k9nd479b1xpDZ4usjrg,Promises (with Sam Smith),Calvin Harris,84.0,2tpWgbBdzjkaJVJzR4T8y1,Promises (with Sam Smith),2018-08-17,Dance Pop,37i9dQZF1DWZQaaqNMbbXa,pop,dance pop,0.781,0.768,11.0,-5.991,1.0,0.0394,0.0119,4.91e-06,0.325,0.486,123.07,213309.0,,2018.0
09CtPGIpYB4BrO8qb1RGsF,Sorry,Justin Bieber,81.0,6Fr2rQkZ383FcMqFyT7yPr,Purpose (Deluxe),2015-11-13,Dance Pop,37i9dQZF1DWZQaaqNMbbXa,pop,dance pop,0.654,0.76,0.0,-3.669,0.0,0.045,0.0797,0.0,0.299,0.41,99.945,200787.0,,2015.0
1sviDBcAqVOxMXq4xITVEs,Que Calor (feat. J Balvin & El Alfa),Major Lazer,84.0,2epUYHJteejHG4trbc8drd,Que Calor (feat. J Balvin & El Alfa),2019-09-11,Todo Ã‰xitos,2ji5tRQVfnhaX1w9FhmSzk,pop,dance pop,0.795,0.885,8.0,-4.13,1.0,0.0713,0.0375,0.00638,0.292,0.46,126.037,169998.0,,2019.0
6RyaV7owmVU6fzEPE17sF1,Que Tire Pa Lante,Daddy Yankee,90.0,155yGQqPxsYkhV7zQyL95t,Que Tire Pa Lante,2019-10-18,Todo Ã‰xitos,2ji5tRQVfnhaX1w9FhmSzk,pop,dance pop,0.658,0.901,7.0,-2.814,1.0,0.0357,0.0478,0.0,0.12,0.708,93.979,210520.0,,2019.0
6cy3ki60hLwimwIje7tALf,RITMO (Bad Boys For Life),The Black Eyed Peas,96.0,6EobpC5SDFy5DF50dWNVGF,RITMO (Bad Boys For Life),2019-10-12,Dance Pop,37i9dQZF1DWZQaaqNMbbXa,pop,dance pop,0.721,0.716,10.0,-7.037,0.0,0.0657,0.0334,0.00084,0.237,0.667,104.994,221714.0,,2019.0
7HMmFQsKsljwTw8bS7lu19,Rare,Selena Gomez,88.0,3YPFaTR7WMi1Hd4NVKdCJx,Rare,2020-01-10,TUNES DANCE AND POP,3arpkhoRWXEYbdCpVAIrRR,pop,dance pop,0.838,0.545,5.0,-6.713,1.0,0.0706,0.208,8.01e-05,0.103,0.631,114.998,220590.0,,2020.0
2tnVG71enUj33Ic2nFN6kZ,Ride It,Regard,94.0,4zOhjJfe0dwqsNdDYk622E,Ride It,2019-07-26,Pop / Dance,6mXh8CUBMBsBUu88a4eAQV,pop,dance pop,0.88,0.751,7.0,-4.258,0.0,0.0874,0.177,6.43e-05,0.106,0.884,117.948,157606.0,,2019.0
3M9Apu4OZfylLTFKvgEtKa,Ritual,TiÃ«sto,82.0,0efvl0HsK2xxttk4IVOJry,Ritual,2019-05-31,Dance Pop,37i9dQZF1DWZQaaqNMbbXa,pop,dance pop,0.647,0.726,3.0,-4.389,0.0,0.0552,0.157,0.0,0.0844,0.767,114.996,198996.0,,2019.0
24Yi9hE78yPEbZ4kxyoXAI,Roses - Imanbek Remix,SAINt JHN,88.0,3GqSdhWjmMypMwPLtzoFYs,Roses (Imanbek Remix),2019-10-09,Dance Pop Tunes,4SdfG4cPG3skmTiQLozZGh,pop,dance pop,0.77,0.724,8.0,-5.484,1.0,0.0495,0.0167,0.0105,0.353,0.898,121.974,176840.0,,2019.0
3ebXMykcMXOcLeJ9xZ17XH,Scared to Be Lonely,Martin Garrix,81.0,2v9rQe4F8fVSh5v8bAq0jF,Scared to Be Lonely,2017-01-27,Dance Pop,37i9dQZF1DWZQaaqNMbbXa,pop,dance pop,0.584,0.54,1.0,-7.786,0.0,0.0576,0.0895,0.0,0.261,0.195,137.972,220883.0,,2017.0
0TK2YIli7K1leLovkQiNik,SeÃ±orita,Shawn Mendes,93.0,2ZaX1FdZCwchXl1QZiD4O4,SeÃ±orita,2019-06-21,Todo Ã‰xitos,2ji5tRQVfnhaX1w9FhmSzk,pop,dance pop,0.759,0.54,9.0,-6.039,0.0,0.0287,0.037,0.0,0.0945,0.75,116.947,190960.0,,2019.0
6v3KW9xbzN5yKLt9YKDYA2,SeÃ±orita,Shawn Mendes,88.0,0xzScN8P3hQAz3BT3YYX5w,Shawn Mendes (Deluxe),2019-06-19,TUNES DANCE AND POP,3arpkhoRWXEYbdCpVAIrRR,pop,dance pop,0.759,0.548,9.0,-6.049,0.0,0.029,0.0392,0.0,0.0828,0.749,116.967,190800.0,,2019.0
7vGuf3Y35N4wmASOKLUVVU,Silence,Marshmello,81.0,2bw00gRKNKbTFOqCkohbSh,Silence,2017-08-11,Pop InglÃ©s (2020 - 2010s)ðŸ’™ MÃºsica En InglÃ©s 2010s,4QAzO1Z92yqqD6Mf3mOANu,pop,dance pop,0.52,0.761,4.0,-3.093,1.0,0.0853,0.256,4.96e-06,0.17,0.286,141.971,180823.0,,2017.0
4PkIDTPGedm0enzdvilLNd,Sixteen,Ellie Goulding,81.0,5AXNN75OmMjFrwst6ExNPx,Sixteen,2019-04-12,Dance Pop,37i9dQZF1DWZQaaqNMbbXa,pop,dance pop,0.669,0.801,8.0,-5.445,1.0,0.136,0.268,0.0,0.0594,0.541,109.919,201072.0,,2019.0
0uUNN1nSoUx1A4fkDCWDQ7,So Am I,Ava Max,83.0,2XvFk3xrG7dV6GhqcJSQHX,So Am I,2019-03-07,Pop Warmup 130 BPM,37i9dQZF1DX3PIAZMcbo2T,pop,dance pop,0.682,0.656,6.0,-4.67,1.0,0.0435,0.0737,0.0,0.353,0.607,130.089,183027.0,,2019.0
1c0hsvHLELX6y8qymnpLKL,Soltera - Remix,Lunay,85.0,2m9Vuc9Q19qhSm6RQmBgsR,Soltera (Remix),2019-05-10,Todo Ã‰xitos,2ji5tRQVfnhaX1w9FhmSzk,pop,dance pop,0.795,0.783,5.0,-4.271,1.0,0.0432,0.361,0.0,0.437,0.8,92.016,266087.0,,2019.0
7Feaw9WAEREY0DUOSXJLOM,Summer Days (feat. Macklemore & Patrick Stump of Fall Out Boy),Martin Garrix,83.0,0xbuJLlb5afBcmCpdOaszR,Summer Days (feat. Macklemore & Patrick Stump of Fall Out Boy),2019-04-25,Dance Pop Hits,37i9dQZF1DX6pH08wMhkaI,pop,dance pop,0.661,0.723,5.0,-6.976,0.0,0.0566,0.179,1.23e-05,0.14,0.316,113.778,163805.0,,2019.0
25sgk305KZfyuqVBQIahim,Sweet but Psycho,Ava Max,87.0,7CdLU3GgPy1PH5FVsrPlyA,Sweet but Psycho,2018-08-17,Pop Warmup 130 BPM,37i9dQZF1DX3PIAZMcbo2T,pop,dance pop,0.719,0.704,1.0,-4.724,1.0,0.0476,0.0691,0.0,0.166,0.628,133.002,187436.0,,2018.0
4w8niZpiMy6qz1mntFA5uM,"Taki Taki (with Selena Gomez, Ozuna & Cardi B)",DJ Snake,83.0,0ZHyvPke0EcVt6rYA8Ins3,"Taki Taki (with Selena Gomez, Ozuna & Cardi B)",2018-09-28,Dance Pop,37i9dQZF1DWZQaaqNMbbXa,pop,dance pop,0.842,0.801,8.0,-4.167,0.0,0.228,0.157,4.82e-06,0.0642,0.617,95.881,212500.0,,2018.0
5ZULALImTm80tzUbYQYM9d,Dance Monkey,Tones and I,92.0,2pJXQvY0YeDvVJ9gMU9G7j,The Kids Are Coming,2019-08-29,Pop Dance Hits,7eERKCkgNKCCx5GYdeMIZf,pop,dance pop,0.824,0.588,6.0,-6.4,0.0,0.0924,0.692,0.000104,0.149,0.513,98.027,209438.0,,2019.0
09IStsImFySgyp0pIQdqAc,The Middle,Zedd,84.0,7nEiwcUSwycvC77kZ9ub7c,The Middle,2018-01-23,Dance Pop,37i9dQZF1DWZQaaqNMbbXa,pop,dance pop,0.753,0.657,7.0,-3.061,1.0,0.0449,0.171,0.0,0.112,0.437,107.01,184732.0,,2018.0
0qaWEvPkts34WF68r8Dzx9,Turn Me On (feat. Vula),Riton,86.0,7mtnp7B5yFt3D3PAznGzc8,Turn Me On (feat. Vula),2019-09-13,Dance Pop,37i9dQZF1DWZQaaqNMbbXa,pop,dance pop,0.737,0.828,11.0,-4.711,1.0,0.0396,0.0149,0.000583,0.0862,0.517,124.052,208474.0,,2019.0
7k4t7uLgtOxPwTpFmtJNTY,Tusa,KAROL G,98.0,7mKevNHhVnZER3BLgI8O4F,Tusa,2019-11-07,Todo Ã‰xitos,2ji5tRQVfnhaX1w9FhmSzk,pop,dance pop,0.803,0.715,2.0,-3.28,1.0,0.298,0.295,0.000134,0.0574,0.574,101.085,200960.0,,2019.0
32OlwWuMpZ6b0aN2RZOeMS,Uptown Funk,Mark Ronson,82.0,3vLaOYCNCzngDf8QdBg2V1,Uptown Special,2015-01-12,Pop InglÃ©s (2020 - 2010s)ðŸ’™ MÃºsica En InglÃ©s 2010s,4QAzO1Z92yqqD6Mf3mOANu,pop,dance pop,0.856,0.609,0.0,-7.223,1.0,0.0824,0.00801,8.15e-05,0.0344,0.928,114.988,269667.0,,2015.0
7pWK1kMgHy5lNNiIfuRbkP,Used To Love (with Dean Lewis),Martin Garrix,83.0,3YD1qyD9KPFzzTK1UC1Gvo,Used To Love (with Dean Lewis),2019-10-31,Dance Room,37i9dQZF1DX2ENAPP1Tyed,pop,dance pop,0.651,0.693,4.0,-4.722,1.0,0.0375,0.458,0.0,0.335,0.392,118.97,236765.0,,2019.0
2Fxmhks0bxGSBdJ92vM42m,bad guy,Billie Eilish,95.0,0S0KGZnfBGSIssfF54WSJh,"WHEN WE ALL FALL ASLEEP, WHERE DO WE GO?",2019-03-29,Pop Warmup 130 BPM,37i9dQZF1DX3PIAZMcbo2T,pop,dance pop,0.701,0.425,7.0,-10.965,1.0,0.375,0.328,0.13,0.1,0.562,135.128,194088.0,,2019.0
4NSW0Km5ZG60L8FthUebPJ,What I Like About You (feat. Theresa Rex),Jonas Blue,81.0,6gPZmYBSipug1asf4zu9jh,What I Like About You (feat. Theresa Rex),2019-03-22,Dance Pop,37i9dQZF1DWZQaaqNMbbXa,pop,dance pop,0.46,0.8,1.0,-3.584,1.0,0.05,0.289,6.16e-06,0.121,0.553,102.46,220396.0,,2019.0
1Cv1YLb4q0RzL6pybtaMLo,Sunday Best,Surfaces,81.0,3mMWlBGocBwsS1Q0o9wvlc,Where the Light Is,2019-01-06,Pop InglÃ©s (2020 - 2010s)ðŸ’™ MÃºsica En InglÃ©s 2010s,4QAzO1Z92yqqD6Mf3mOANu,pop,dance pop,0.878,0.525,5.0,-6.832,1.0,0.0578,0.183,0.0,0.0714,0.694,112.022,158571.0,,2019.0
3TKpJrY9q49Mj1JOsM9zGL,Family,The Chainsmokers,85.0,01GR4NL5O5CZM51k0aejKD,World War Joy,2019-12-06,Dance Pop Tunes,4SdfG4cPG3skmTiQLozZGh,pop,dance pop,0.584,0.607,11.0,-6.605,1.0,0.0356,0.426,0.0,0.101,0.374,117.817,194827.0,,2019.0
2W4yABdLc4Jnds67Poi5Nl,Yellow Hearts,Ant Saunders,89.0,7L5mva8yC5ctamvs4XzgpR,Yellow Hearts,2019-06-18,Pop InglÃ©s (2020 - 2010s)ðŸ’™ MÃºsica En InglÃ©s 2010s,4QAzO1Z92yqqD6Mf3mOANu,pop,dance pop,0.865,0.438,7.0,-8.943,1.0,0.0719,0.177,0.0,0.0743,0.695,129.038,223258.0,,2019.0
2usxQITOSDqvkYiI0oIwao,You should be sad,Halsey,86.0,1gBDGPFz9v93dxE3fUU9eO,You should be sad,2020-01-10,Todo Ã‰xitos,2ji5tRQVfnhaX1w9FhmSzk,pop,dance pop,0.591,0.585,2.0,-6.35,1.0,0.0277,0.143,0.0,0.109,0.324,110.94,205473.0,,2020.0
41L3O37CECZt3N7ziG2z7l,Yummy,Justin Bieber,95.0,1SN6N3fNkZk5oXQ9X46QZ3,Yummy,2020-01-03,Todo Ã‰xitos,2ji5tRQVfnhaX1w9FhmSzk,pop,dance pop,0.662,0.519,9.0,-6.554,0.0,0.106,0.404,0.0,0.121,0.495,145.841,210427.0,,2020.0
3yNZ5r3LKfdmjoS3gkhUCT,bad guy (with Justin Bieber),Billie Eilish,83.0,6lMlX68jJrx67hiCqdiDvW,bad guy (with Justin Bieber),2019-07-11,Pop Remix,37i9dQZF1DXcZDD7cfEKhW,pop,dance pop,0.67,0.453,0.0,-11.265,1.0,0.295,0.252,0.33,0.117,0.68,135.055,194840.0,,2019.0
3ZCTVFBt2Brf31RLEnCkWJ,everything i wanted,Billie Eilish,97.0,4i3rAwPw7Ln2YrKDusaWyT,everything i wanted,2019-11-13,Todo Ã‰xitos,2ji5tRQVfnhaX1w9FhmSzk,pop,dance pop,0.704,0.225,6.0,-14.454,0.0,0.0994,0.902,0.657,0.106,0.243,120.006,245426.0,,2019.0
24nK8tW7Pt3Inh2utttuoG,HIP,Mamamoo,81.0,7CucpzwxAZ6kHmctI9eo4X,reality in BLACK,2019-11-14,K-Party Dance Mix,37i9dQZF1DX4RDXswvP6Mj,pop,dance pop,0.782,0.731,3.0,-4.581,0.0,0.143,0.0376,3.15e-05,0.0956,0.824,138.032,195307.0,,2019.0
7qiZfU4dY1lWllzX7mPBI3,Shape of You,Ed Sheeran,86.0,3T4tUhGYeRNVUGevb0wThu,Ã· (Deluxe),2017-03-03,Pop InglÃ©s (2020 - 2010s)ðŸ’™ MÃºsica En InglÃ©s 2010s,4QAzO1Z92yqqD6Mf3mOANu,pop,dance pop,0.825,0.652,1.0,-3.183,0.0,0.0802,0.581,0.0,0.0931,0.931,95.977,233713.0,,2017.0
7GJClzimvMSghjcrKxuf1M,Budapest,George Ezra,76.0,5tF2lAa2rh2kU2xIiBzWia,Wanted on Voyage,2014-06-27,Pop InglÃ©s (2020 - 2010s)ðŸ’™ MÃºsica En InglÃ©s 2010s,4QAzO1Z92yqqD6Mf3mOANu,pop,dance pop,0.714,0.451,5.0,-8.268,1.0,0.0276,0.0883,0.0,0.108,0.406,127.787,200720.0,,2014.0
6Vc5wAMmXdKIAM7WUoEb7N,Say Something,A Great Big World,78.0,1yOcLa4euMk9sV7rRJ89Dl,Is There Anybody Out There?,2014-01-17,Pop InglÃ©s (2020 - 2010s)ðŸ’™ MÃºsica En InglÃ©s 2010s,4QAzO1Z92yqqD6Mf3mOANu,pop,dance pop,0.407,0.147,2.0,-8.822,1.0,0.0355,0.857,2.89e-06,0.0913,0.0765,141.284,229400.0,,2014.0
4BM4ml3TgBFALLaCaJtVhi,Pumped Up,Klingande,56.0,6pCYWWK3GomeTRX2SlxhHc,Pumped Up,2017-09-08,Dance Pop Hits,37i9dQZF1DX6pH08wMhkaI,pop,dance pop,0.732,0.734,0.0,-6.423,1.0,0.107,0.00719,1.49e-05,0.34,0.643,123.033,177073.0,,2017.0
4gRAniZdYF2zVrDUsNC9tU,raingurl,Yaeji,65.0,3YtDhWqQOTOT6XD2DQHpBr,raingurl,2017-10-30,Ultimate Indie Presents... Best Indie Tracks of the 2010s,37i9dQZF1DWTHM4kX49UKs,pop,dance pop,0.929,0.572,6.0,-6.928,0.0,0.0506,0.017,0.00353,0.122,0.288,128.014,237231.0,,2017.0
4aJdmCHGL6KrrvuSXgr8Jp,I Need You,Armin van Buuren,24.0,5Q4INkkU4kbuemSARAGVH8,I Need You,2017-01-27,Dance Pop,0B2HdP15IucgE0vk3sluJR,pop,dance pop,0.6,0.863,8.0,-5.754,0.0,0.031,0.00168,0.00406,0.0939,0.223,106.997,206750.0,,2017.0
3ihK0bdxDfJmsxLHmK74kR,We Dance,Bright Ones,35.0,1tkbwMwtLCA575ZKqXFgx7,Bright Ones,2018-04-27,Christian Dance Party,37i9dQZF1DWUUPO0Sbx2CM,pop,dance pop,0.739,0.635,1.0,-5.821,1.0,0.0327,0.00821,0.000167,0.113,0.268,130.032,234774.0,,2018.0
1byydVLDAt7An5Pk3SuL5j,I Know You - Vigiland Remix,Craig David,51.0,2WhixOxit7FV5fyM3XQTwo,I Know You (Remixes),2018-02-09,Pop Warmup 130 BPM,37i9dQZF1DX3PIAZMcbo2T,pop,dance pop,0.674,0.471,9.0,-8.199,1.0,0.0719,0.0946,0.0,0.22,0.219,127.963,183345.0,,2018.0
0ErzcmZ2gIwX7X0xSMQPix,BOSS,NCT,68.0,3KAJvo62RNQEtXwIyB5rzX,NCT 2018 EMPATHY,2018-03-14,K-Party Dance Mix,37i9dQZF1DX4RDXswvP6Mj,pop,dance pop,0.787,0.543,10.0,-6.7,0.0,0.037,0.0233,0.0,0.0861,0.332,99.026,210641.0,,2018.0
5tAa8Uaqr4VvA3693mbIhU,Ruin My Life,Zara Larsson,79.0,2BM5FQCILC33Va2jOZ11Mu,Ruin My Life,2018-10-18,Dance Pop,37i9dQZF1DWZQaaqNMbbXa,pop,dance pop,0.665,0.699,11.0,-5.265,1.0,0.0578,0.423,0.0,0.0969,0.585,124.896,190932.0,,2018.0
0TXDJf4CYjDJ06TmNa2JFo,Middlefingers,Tom & Jame,34.0,4dDwTmOTtVa291KwDN9TOQ,Middlefingers,2018-09-14,Pop Dance Hits,7eERKCkgNKCCx5GYdeMIZf,pop,dance pop,0.675,0.837,8.0,-2.905,1.0,0.0456,0.211,0.0,0.152,0.721,141.986,196500.0,,2018.0
4sh506lJZac1T4o4NqtIuS,Like I Love You,Lost Frequencies,58.0,56mP4ipdgYC7y4CJnHC0Vl,Like I Love You,2018-09-14,Dance Pop,0B2HdP15IucgE0vk3sluJR,pop,dance pop,0.863,0.588,1.0,-7.141,1.0,0.0847,0.142,3.42e-05,0.457,0.751,117.911,190174.0,,2018.0
7wh14WfsQ5zbURhm33hXYL,Anyway feat. Jafro & Renz,Plastician,38.0,4wamnSstODLhfXsEcgp7aC,Anyway,2018-11-16,TUNES DANCE AND POP,3arpkhoRWXEYbdCpVAIrRR,pop,dance pop,0.639,0.957,9.0,-6.039,0.0,0.558,0.156,0.0,0.348,0.692,135.958,133000.0,,2018.0
6DIW7GJbuGZdHolRcPWprP,Roller Coaster,CHUNG HA,2.0,04TsF8IFb70DdBYDT8egvw,Offset,2018-01-18,K-Party Dance Mix,37i9dQZF1DX4RDXswvP6Mj,pop,dance pop,0.632,0.906,6.0,-1.466,0.0,0.0494,0.321,0.0,0.223,0.755,129.999,212136.0,,2018.0
5pTo16mj3CEmY5ZeaBfSxx,Love Me Away,Junior J,19.0,46EN1Tuvhk0Jve4oiGFm7Z,Love Me Away,2018-10-12,Pop Dance Hits,7eERKCkgNKCCx5GYdeMIZf,pop,dance pop,0.486,0.759,7.0,-4.905,1.0,0.0422,0.00831,2.31e-06,0.141,0.31,159.982,167288.0,,2018.0
0nJgXVtgMwXsVspxOoVzP1,Without Your Love,York Worship,29.0,73vSjvOZ2gSVQ0soCkap1X,Without Your Love,2018-02-27,Christian Dance Party,37i9dQZF1DWUUPO0Sbx2CM,pop,dance pop,0.533,0.611,0.0,-8.371,1.0,0.036,0.138,0.0176,0.137,0.656,101.033,236380.0,,2018.0
3DGar7krWlmrXRFHBcQF6z,Whenever (feat. Conor Maynard),Kris Kross Amsterdam,74.0,5so9rCf7p2L6w6o4KZahE9,Whenever (feat. Conor Maynard),2018-06-22,Dance Pop Hits,37i9dQZF1DX6pH08wMhkaI,pop,dance pop,0.734,0.765,7.0,-5.562,1.0,0.0621,0.151,0.0,0.231,0.518,109.989,163636.0,,2018.0
7nbVbGjifh0m2fhPYqcI1R,Sweet but Psycho - Morgan Page Dance Remix,Ava Max,65.0,6pZkOJtEaENfW9IURljzSh,Sweet but Psycho (Remixes),2018-08-16,Cardio,37i9dQZF1DWSJHnPb1f0X3,pop,dance pop,0.645,0.795,1.0,-5.439,1.0,0.0343,0.0334,1.05e-05,0.089,0.424,127.959,226875.0,,2018.0
3KKrA8p6gzpYC44JmThaEq,Loving Myself (feat. Raphaella),Henri PFR,59.0,4vNe0IDoB5T3r1aFqZfhl5,Loving Myself (feat. Raphaella),2019-11-29,Dance Pop Tunes,4SdfG4cPG3skmTiQLozZGh,pop,dance pop,0.688,0.693,7.0,-5.287,0.0,0.0476,0.0865,0.0,0.272,0.473,114.051,174051.0,,2019.0
7oE8bNwZhJdcAJZBKNsi28,Sakura,DEAN FUJIOKA,37.0,28fsFJEV2tL7ynaiRGVKTz,History In The Making,2019-01-30,Best of 2019 Dance Pop: Japan,37i9dQZF1DXdOtZGKonFlM,pop,dance pop,0.676,0.724,7.0,-5.974,0.0,0.0576,0.506,0.0,0.124,0.59,105.948,241685.0,,2019.0
6MJgjQrhJmVxTGkJc4J2W5,Never Enough,Blair Woods,27.0,5iMotKTxjW4FaRMx79evAw,Never Enough,2019-12-10,TUNES DANCE AND POP,3arpkhoRWXEYbdCpVAIrRR,pop,dance pop,0.596,0.681,5.0,-7.321,0.0,0.0597,0.0978,0.000236,0.103,0.393,99.961,195683.0,,2019.0
7zH4rnKKGm5vACoSEXBEDe,nana triste,Natalia Lacunza,59.0,6piXewR2Si4LT96r9mUXl2,nana triste,2019-06-13,Todo Ã‰xitos,2ji5tRQVfnhaX1w9FhmSzk,pop,dance pop,0.474,0.308,10.0,-9.411,0.0,0.0573,0.762,0.0,0.111,0.418,93.343,187016.0,,2019.0
2pkYhGilLJDAX4jGGOsE8f,Cross My Heart,Hogland,53.0,15u852nzMfezttLtFvXzJG,Cross My Heart,2019-09-13,Pop / Dance,6mXh8CUBMBsBUu88a4eAQV,pop,dance pop,0.645,0.792,3.0,-5.773,1.0,0.108,0.143,0.0,0.358,0.678,126.113,173810.0,,2019.0
1e8PAfcKUYoKkxPhrHqw4x,Someone You Loved - Future Humans Remix,Lewis Capaldi,69.0,7m7vv9wlQ4i0LFuJiE2zsQ,Someone You Loved (Future Humans Remix),2019-03-05,Pop Remix,37i9dQZF1DXcZDD7cfEKhW,pop,dance pop,0.65,0.833,1.0,-4.672,1.0,0.0359,0.0803,0.0,0.0833,0.725,123.976,189052.0,,2019.0
2pMntGuRgHAHVtrpC6kgGy,Don't Give Up On Me,Andy Grammer,9.0,4g1vikZzxSQv4GJjfca3sj,Don't Give Up On Me (with R3HAB),2019-04-12,Cardio,37i9dQZF1DWSJHnPb1f0X3,pop,dance pop,0.489,0.766,3.0,-5.84,1.0,0.0851,0.0511,1.35e-05,0.126,0.117,121.445,190645.0,,2019.0
47PRHkkBim9N2vdhJHoYel,Ooo!,EXILE SHOKICHI,29.0,2VH4MDTOOs9IswirGyVPGe,1114,2019-05-15,Best of 2019 Dance Pop: Japan,37i9dQZF1DXdOtZGKonFlM,pop,dance pop,0.714,0.799,0.0,-5.797,1.0,0.181,0.632,0.0,0.0934,0.615,123.133,180773.0,,2019.0
11dhySFZw0ZslqkOYnPqak,Head Over Heels - James Roe Remix,Sultan + Shepard,55.0,3OJCysYeuhIA3rPbu7qLrU,Head Over Heels (James Roe Remix),2019-02-22,Pop Dance Hits,7eERKCkgNKCCx5GYdeMIZf,pop,dance pop,0.67,0.81,11.0,-4.737,0.0,0.0497,0.00164,0.0257,0.633,0.323,123.992,184003.0,,2019.0
3WbIpsZLokLA1qahPaO3rm,Fantasy,TYFI,43.0,1w2vriSoU09KyBfPY1zPbu,Fantasy,2019-11-29,TUNES DANCE AND POP,3arpkhoRWXEYbdCpVAIrRR,pop,dance pop,0.669,0.761,6.0,-5.159,1.0,0.0514,0.354,0.000134,0.351,0.702,119.975,188875.0,,2019.0
2sxjVSDvymkn264oDZCrl2,Here Comes The Sun,Campsite Dream,43.0,1TuaxIqNc3FWvAZMOMlCxr,Here Comes The Sun,2019-12-06,Dance Pop Tunes,4SdfG4cPG3skmTiQLozZGh,pop,dance pop,0.679,0.633,9.0,-7.063,1.0,0.053,0.295,0.0,0.137,0.589,120.92,149795.0,,2019.0
6VP3410weACXiPCVLKSkOb,Not Ok - Frank Walker Remix,Kygo,66.0,0i8D6axM9VFpS6A6Pu4M7Z,Not Ok (Frank Walker Remix),2019-07-05,Cardio,37i9dQZF1DWSJHnPb1f0X3,pop,dance pop,0.679,0.866,2.0,-3.754,1.0,0.0566,0.0337,0.0,0.0688,0.441,121.927,183934.0,,2019.0
0XO1KK7qiUGVK8t3FZdM4w,PAY ME BACK!,ILIRA,48.0,0FdEEw1vJvO8hCUJUoYjRd,PAY ME BACK!,2019-07-26,Pop / Dance,6mXh8CUBMBsBUu88a4eAQV,pop,dance pop,0.79,0.81,9.0,-3.452,1.0,0.0612,0.0137,0.0,0.0755,0.607,120.092,188200.0,,2019.0
3C4fzUgIP3ahkhOBdP38GM,Heaven Can Wait - The Aston Shuffle Remix,Sia,61.0,6fUjIqkNJY56xS62ild7D1,Heaven Can Wait (The Aston Shuffle Remix),2019-05-24,Pop Remix,37i9dQZF1DXcZDD7cfEKhW,pop,dance pop,0.622,0.859,5.0,-7.626,1.0,0.0636,0.000609,0.746,0.0909,0.442,121.968,218373.0,,2019.0
1IXGILkPm0tOCNeq00kCPa,If I Can't Have You - Gryffin Remix,Shawn Mendes,67.0,4QxzbfSsVryEQwvPFEV5Iu,If I Can't Have You (Gryffin Remix),2019-06-20,Pop Remix,37i9dQZF1DXcZDD7cfEKhW,pop,dance pop,0.642,0.818,2.0,-4.552,1.0,0.032,0.0567,0.0,0.0919,0.59,124.957,253040.0,,2019.0
59QmL8ygKtVfMHmPx3GaBX,All The Love You Got,MOTi,57.0,7iCEc635CaDogFMA6NPmUc,All The Love You Got,2019-12-20,Dance Room,37i9dQZF1DX2ENAPP1Tyed,pop,dance pop,0.762,0.736,7.0,-7.66,1.0,0.0778,0.135,0.0538,0.113,0.248,126.007,165714.0,,2019.0
4OgwXdylh75fHfwUzJTUqg,Rockstar,Ilkay Sencan,71.0,1US66auJ538TiXGeUf24yL,Rockstar,2019-06-21,Dance Pop Hits,37i9dQZF1DX6pH08wMhkaI,pop,dance pop,0.771,0.826,11.0,-3.978,1.0,0.0604,0.142,0.03,0.145,0.185,100.012,212280.0,,2019.0
1pBO9JDqh1y3TbCKEO1OvG,Nostalgic,A R I Z O N A,36.0,1mfUDy3N3YIHDlJp42IKmY,Nostalgic,2019-06-18,Dance Pop,37i9dQZF1DWZQaaqNMbbXa,pop,dance pop,0.691,0.538,0.0,-9.952,1.0,0.103,0.246,0.163,0.178,0.329,99.972,182668.0,,2019.0
1A80HRxJMhn6YAxqRup4BQ,Oh Baby,Martin Mix,37.0,7LPvpi4FjES1wzl8ioKjA2,Oh Baby,2019-09-27,Pop Dance Hits,7eERKCkgNKCCx5GYdeMIZf,pop,dance pop,0.577,0.975,2.0,-2.841,1.0,0.0656,0.0434,0.000166,0.19,0.416,126.076,160000.0,,2019.0
4R0sTxCaskwCPbzkfXHfWg,Santa MarÃ­a (Feat. Busy Signal),Bad Gyal,65.0,44I3wnIjshc9lxW23HXMW6,Santa Maria,2019-07-05,Todo Ã‰xitos,2ji5tRQVfnhaX1w9FhmSzk,pop,dance pop,0.764,0.603,0.0,-6.951,1.0,0.328,0.0538,0.0,0.097,0.427,142.465,154933.0,,2019.0
5fmXWEFh8vMXzKTHN9ezKV,En Tus Planes,David Bisbal,66.0,63cRlzjRihSdheA6lKonRy,En Tus Planes,2020-01-02,Todo Ã‰xitos,2ji5tRQVfnhaX1w9FhmSzk,pop,dance pop,0.813,0.78,11.0,-3.768,0.0,0.162,0.284,0.0,0.0351,0.79,92.014,172147.0,,2020.0
3gMJMSrU2QETbsILNuybIh,Make A Move - Pt. 2,EMMA WAHLIN,17.0,5Z1moi6b6T4njtHjepFZ9q,Make A Move (Pt. 2),2020-01-17,Dance Pop: Japan,37i9dQZF1DXahYFr91pFvG,pop,dance pop,0.837,0.52,9.0,-7.575,0.0,0.14,0.617,0.0182,0.184,0.463,123.972,181200.0,,2020.0
5CXF4x2kZI2ftIogOuhXYN,Different Ways,Natixx,26.0,3HjF8xB8irPpSMD57gfCLl,Different Ways,2020-01-10,TUNES DANCE AND POP,3arpkhoRWXEYbdCpVAIrRR,pop,dance pop,0.677,0.588,6.0,-9.496,0.0,0.0368,0.0325,0.000228,0.128,0.174,128.019,266788.0,,2020.0
4RADreHMvMkZwsPgPr9z5c,"Rhythm Is A Dancer - 7"" Edit",SNAP!,67.0,2TrNT4qm7qDIRTUVn9jBW4,The Madman's Return,1992-01-01,90s Dance Hits,50cXvxgMGrvoUeLhkzCyIO,pop,dance pop,0.794,0.745,9.0,-11.367,0.0,0.037,0.271,0.00041,0.143,0.706,124.249,225882.0,,1992.0
2rTYgHxgcndkUrRoU7x0Sv,Mr. Vain,Culture Beat,54.0,4WiN45TcjcmOnnk8ZPzIIO,Serenity,1993-01-01,90s Dance Hits,50cXvxgMGrvoUeLhkzCyIO,pop,dance pop,0.676,0.996,9.0,-7.946,0.0,0.0397,0.0478,0.262,0.333,0.4,132.871,336840.0,,1993.0
4RybvT8lyLLjkWXqmAuZnX,Happy People (feat. Marky Mark),Prince Ital Joe,50.0,3Vvt7b5z4GVIaK14CfKF88,Life In The Streets,1994-04-29,90s Dance Hits,50cXvxgMGrvoUeLhkzCyIO,pop,dance pop,0.793,0.588,9.0,-8.346,0.0,0.0435,0.28,0.0,0.317,0.38,130.039,238200.0,,1994.0
2foOeJLKSvepjHEkb4NR8N,Think About The Way,Ice Mc,59.0,3fSQDORWIQuhjPWZOptkML,Ice 'n' Green,1994-01-01,90s Dance Hits,50cXvxgMGrvoUeLhkzCyIO,pop,dance pop,0.763,0.713,2.0,-8.9,0.0,0.0311,0.128,0.000623,0.145,0.668,132.993,260973.0,,1994.0
4cjHy6TwppuNZ05yrP8Fic,Think of You - Radio Edit,Whigfield,50.0,13pJUleJn57jkWQFZ3b6lj,Think of You - Single,1995-05-08,90s Dance Hits,50cXvxgMGrvoUeLhkzCyIO,pop,dance pop,0.696,0.806,8.0,-11.141,1.0,0.0361,0.0631,0.00155,0.0343,0.871,127.395,243069.0,,1995.0
0ibYVniVLMJWvc3eNfYk8T,Run Away,Real McCoy,49.0,0m4EUHpp4mVnV8AWHT7T7x,Another Night,1995-03-28,90s Dance Hits,50cXvxgMGrvoUeLhkzCyIO,pop,dance pop,0.721,0.924,1.0,-8.282,1.0,0.0396,0.000683,0.00382,0.0817,0.694,130.947,244133.0,,1995.0
4wtR6HB3XekEengMX17cpc,Children,Robert Miles,67.0,5vwm8dEf7xGTqUAas8zGdC,Dance Vault Mixes - Children,1996-07-11,90s Dance Hits,50cXvxgMGrvoUeLhkzCyIO,pop,dance pop,0.604,0.755,0.0,-10.761,1.0,0.0337,0.000295,0.812,0.0625,0.388,137.064,243267.0,,1996.0
1GwdUrz7DujSedNxnzVfqI,Beautiful Life,Ace of Base,4.0,3BSPr0MAvO0iTCkxPs1vIA,Singles of the 90s,1999-01-03,90s Dance Hits,50cXvxgMGrvoUeLhkzCyIO,pop,dance pop,0.741,0.953,0.0,-6.969,0.0,0.0333,0.202,0.00684,0.0954,0.735,135.002,219307.0,,1999.0
0KT6DLAELYSbgfUemzwGPX,Heaven (featuring Do),DJ Sammy,64.0,15UjVcCwrMwAEPzAoVrZ55,Heaven,2002-08-06,90s Dance Hits,50cXvxgMGrvoUeLhkzCyIO,pop,dance pop,0.565,0.942,8.0,-6.821,1.0,0.0518,0.00107,0.000393,0.152,0.569,137.972,235000.0,,2002.0
1pUFYb9peWkK8m1WCKNRjp,God Is a DJ,Faithless,57.0,2Vcq2BbEjHFdfodZ8hlcZL,Forever Faithless - The Greatest Hits (C),2005-08-30,90s Dance Hits,50cXvxgMGrvoUeLhkzCyIO,pop,dance pop,0.607,0.897,10.0,-7.468,0.0,0.0448,0.177,0.885,0.17,0.391,130.549,208507.0,,2005.0
270MuyUHPJJUXWApRk2Py8,Macarena - Bayside Boys Remix,Los Del Rio,38.0,0F2v1g7RUEmK077TfZGeoS,Ultimate Holiday Hits,2008-07-25,90s Dance Hits,50cXvxgMGrvoUeLhkzCyIO,pop,dance pop,0.746,0.909,11.0,-6.032,1.0,0.058,0.206,2.23e-06,0.0656,0.962,103.189,222027.0,,2008.0
09nxdcY2oYo57fJrG6CCCT,Dragostea Din Tei - Original Romanian Version,O-Zone,8.0,4I8dkoKeszRKl3UqT89l7R,Time 25th Anniversary,2009-12-25,90s Dance Hits,50cXvxgMGrvoUeLhkzCyIO,pop,dance pop,0.813,0.966,0.0,-3.924,1.0,0.0417,0.173,0.0,0.0729,0.681,130.086,213461.0,,2009.0
3D1P3oPecqAQy2u33gAhsM,Odessa,Caribou,54.0,3gkW0gOyovtdcscDX6WZ6O,Swim,2010-04-20,Ultimate Indie Presents... Best Indie Tracks of the 2010s,37i9dQZF1DWTHM4kX49UKs,pop,dance pop,0.681,0.915,1.0,-5.974,1.0,0.042,0.00334,0.0817,0.354,0.607,118.027,315585.0,,2010.0
3Rc2ajBMInxeNGVkMPC92Y,Dancing On My Own,Robyn,61.0,4ektWErsV6EIxW0jBWq1Jn,Body Talk Pt. 1,2010-06-11,Ultimate Indie Presents... Best Indie Tracks of the 2010s,37i9dQZF1DWTHM4kX49UKs,pop,dance pop,0.678,0.871,6.0,-4.781,1.0,0.0342,0.0587,0.249,0.0928,0.28,117.029,285973.0,,2010.0
2WMRd3xAb9FwXopCRNWDq1,Wildfire,SBTRKT,62.0,5fP2kgfePJZF4nB1XqC1i8,SBTRKT,2011-06-27,Ultimate Indie Presents... Best Indie Tracks of the 2010s,37i9dQZF1DWTHM4kX49UKs,pop,dance pop,0.835,0.481,0.0,-7.188,0.0,0.387,0.0308,0.000501,0.0896,0.34,139.581,201000.0,,2011.0
0lHAMNU8RGiIObScrsRgmP,Titanium (feat. Sia),David Guetta,66.0,5aprcHwM1KJhaY9Kbxkfkn,Nothing but the Beat 2.0,2011-08-26,Dance Pop,37i9dQZF1DWZQaaqNMbbXa,pop,dance pop,0.604,0.787,0.0,-3.674,0.0,0.103,0.0679,0.15,0.127,0.301,126.062,245040.0,,2011.0
2JiVVU7qv1YeD1yabpIyoX,Riding For The Feeling,Bill Callahan,48.0,4RBHgVw8kR6IpXVnZhZrh0,Apocalypse,2011-04-19,Ultimate Indie Presents... Best Indie Tracks of the 2010s,37i9dQZF1DWTHM4kX49UKs,pop,dance pop,0.442,0.214,0.0,-15.002,1.0,0.0467,0.903,0.0122,0.252,0.277,100.604,365747.0,,2011.0
7DfFc7a6Rwfi3YQMRbDMau,Thinkin Bout You,Frank Ocean,75.0,392p3shh2jkxUxY2VHvlH8,channel ORANGE,2012-01-01,Ultimate Indie Presents... Best Indie Tracks of the 2010s,37i9dQZF1DWTHM4kX49UKs,pop,dance pop,0.721,0.339,0.0,-11.195,1.0,0.0532,0.409,0.00153,0.0973,0.2,129.83,200747.0,,2012.0
1sh6lL6cmlcwhqZKGiKBua,I Could Be The One (Avicii Vs. Nicky Romero) - Radio Edit,Avicii,66.0,0sOrbRnJcNod63r49kmGVb,I Could Be The One [Avicii vs Nicky Romero],2012-01-01,Dance Pop,0B2HdP15IucgE0vk3sluJR,pop,dance pop,0.509,0.79,6.0,-3.782,0.0,0.0374,0.332,6.67e-05,0.316,0.638,127.946,208316.0,,2012.0
5jOvmh1DYmaiBPETL6HCRY,Waiting for Tonight,Jennifer Lopez,55.0,7LN1DM2rLG5GFezakJF4vk,Dance Again...The Hits,2012-07-20,90s Dance Hits,50cXvxgMGrvoUeLhkzCyIO,pop,dance pop,0.694,0.941,10.0,-6.108,0.0,0.0408,0.00224,0.0826,0.109,0.854,125.014,246507.0,,2012.0
4sCYKMatyhazyy6r2N7Hp2,Genesis,Grimes,60.0,48a7rOjTzpD1zzJAteeveE,Visions,2012-02-21,Ultimate Indie Presents... Best Indie Tracks of the 2010s,37i9dQZF1DWTHM4kX49UKs,pop,dance pop,0.611,0.677,10.0,-6.745,0.0,0.034,0.0764,0.0698,0.241,0.233,166.04,255320.0,,2012.0
5GjnIpUlLGEIYk052ISOw9,This Is What It Feels Like,Armin van Buuren,65.0,5ZsK5SUsZilbAJ4B0vRVxF,Intense,2013-05-03,Dance Pop,0B2HdP15IucgE0vk3sluJR,pop,dance pop,0.552,0.831,8.0,-5.217,1.0,0.0298,0.0391,2.93e-06,0.0632,0.144,129.889,204360.0,,2013.0
4nVBt6MZDDP6tRVdQTgxJg,Story of My Life,One Direction,80.0,7p1fX8aUySrBdx4WSYspOu,Midnight Memories (Deluxe),2013-11-25,Pop InglÃ©s (2020 - 2010s)ðŸ’™ MÃºsica En InglÃ©s 2010s,4QAzO1Z92yqqD6Mf3mOANu,pop,dance pop,0.6,0.663,3.0,-5.802,1.0,0.0477,0.225,0.0,0.119,0.286,121.07,245493.0,,2013.0
2cGxRwrMyEAp8dEbuZaVv6,Instant Crush,Daft Punk,75.0,4m2880jivSbbyEGAKfITCa,Random Access Memories,2013-05-17,Pop InglÃ©s (2020 - 2010s)ðŸ’™ MÃºsica En InglÃ©s 2010s,4QAzO1Z92yqqD6Mf3mOANu,pop,dance pop,0.775,0.585,10.0,-9.516,0.0,0.0271,0.0422,0.619,0.077,0.518,109.942,337560.0,,2013.0
